{
  "project_info": {
    "project_number": "154216673973",
    "project_id": "recyclingpro-68b75",
    "storage_bucket": "recyclingpro-68b75.appspot.com"
  },
  "client": [
    {
      "client_info": {
        "mobilesdk_app_id": "1:154216673973:android:02c3e51d6ba5ebc31344fc",
        "android_client_info": {
          "package_name": "com.example.recyclingpro"
        }
      },
      "oauth_client": [
        {
          "client_id": "154216673973-42ao4k8kvhraktvpp8ju0p051slsvqmd.apps.googleusercontent.com",
          "client_type": 3
        }
      ],
      "api_key": [
        {
          "current_key": "AIzaSyAsqO2bKssoOX76vjxgRSqqiKBXIvn1mUE"
        }
      ],
      "services": {
        "appinvite_service": {
          "other_platform_oauth_client": [
            {
              "client_id": "154216673973-42ao4k8kvhraktvpp8ju0p051slsvqmd.apps.googleusercontent.com",
              "client_type": 3
            }
          ]
        }
      }
    }
  ],
  "configuration_version": "1"
}